latitude,longitude,crime_type,date,severity
19.031601,72.849006,Harassment,2026-04-30,2
19.098138,72.857183,Robbery,2024-09-23,3
19.117065,72.909443,Theft,2025-08-09,1
19.135505,72.903654,Robbery,2025-10-25,3
19.069145,72.870744,Assault,2025-04-22,4
19.060919,72.831892,Assault,2025-04-11,4
19.160734,72.809651,Theft,2025-05-16,1
19.079752,72.879571,Assault,2025-06-05,4
19.11887,72.898641,Robbery,2026-07-05,3
19.007209,72.766945,Theft,2025-09-02,1
19.096495,72.862569,Robbery,2026-07-15,3
19.060537,72.839785,Robbery,2025-08-30,3
19.111881,72.768257,Assault,2024-09-03,4
19.106873,72.805675,Assault,2026-01-16,4
19.078172,72.867768,Harassment,2026-04-12,2
19.128039,72.908036,Robbery,2026-02-05,3
19.133578,72.905836,Assault,2025-08-17,4
19.053404,72.843123,Assault,2025-02-23,4
19.050138,72.854012,Theft,2026-06-10,1
19.068127,72.876819,Assault,2024-09-16,4
19.05597,72.860489,Harassment,2025-05-09,2
19.058354,72.82518,Harassment,2025-08-27,2
19.034337,72.92816,Assault,2025-03-28,4
19.092515,72.880232,Assault,2025-08-19,4
19.047998,72.834041,Robbery,2024-09-29,3
19.072535,72.885543,Harassment,2025-03-23,2
19.001909,72.812759,Assault,2025-05-19,4
19.052796,72.832566,Robbery,2025-02-05,3
19.064223,72.835185,Robbery,2025-04-30,3
19.10021,72.848002,Robbery,2026-07-06,3
19.062915,72.844369,Theft,2026-07-27,1
19.131874,72.888485,Harassment,2024-11-13,2
19.05536,72.852806,Harassment,2025-09-25,2
19.107639,72.863212,Theft,2025-12-31,1
19.082658,72.916711,Assault,2025-11-14,4
19.178161,72.831502,Theft,2025-04-25,1
19.069773,72.882538,Harassment,2025-12-26,2
19.144501,72.850557,Assault,2026-01-07,4
19.051647,72.857386,Harassment,2025-09-13,2
19.07298,72.896334,Robbery,2025-10-30,3
19.071254,72.843622,Robbery,2026-04-13,3
19.136995,72.899691,Robbery,2025-04-28,3
19.101381,72.834514,Theft,2024-09-17,1
19.197345,72.838501,Robbery,2024-11-27,3
19.04174,72.859129,Robbery,2026-04-24,3
19.097048,72.864118,Theft,2026-02-01,1
19.129886,72.905354,Harassment,2026-06-28,2
19.139211,72.889388,Theft,2025-11-22,1
19.047342,72.907973,Assault,2026-07-05,4
19.029427,72.842557,Theft,2025-06-10,1
19.150168,72.896541,Harassment,2026-05-12,2
19.1237,72.826592,Harassment,2026-03-24,2
19.166676,72.796493,Theft,2025-01-27,1
19.071218,72.776898,Theft,2025-01-28,1
19.073294,72.86914,Theft,2026-05-21,1
19.057344,72.874557,Harassment,2026-03-31,2
19.122133,72.837412,Robbery,2026-07-24,3
19.183044,72.762037,Assault,2025-05-14,4
19.077387,72.806456,Harassment,2024-10-02,2
19.169585,72.890039,Assault,2025-09-25,4
19.027911,72.761352,Harassment,2025-10-15,2
19.139425,72.828959,Harassment,2024-09-16,2
19.163333,72.804174,Theft,2026-05-28,1
19.104296,72.878247,Assault,2025-12-10,4
19.185794,72.843721,Assault,2025-06-06,4
19.037693,72.865855,Theft,2025-05-16,1
19.132737,72.750242,Harassment,2026-05-15,2
19.100162,72.85884,Theft,2026-01-14,1
19.053172,72.845152,Robbery,2025-08-26,3
19.105289,72.872733,Theft,2025-08-14,1
19.057426,72.895671,Harassment,2025-11-30,2
19.049043,72.847025,Assault,2026-04-01,4
19.117266,72.912912,Assault,2024-09-22,4
19.017836,72.949204,Assault,2025-01-24,4
19.079101,72.867537,Harassment,2025-09-10,2
19.04565,72.858255,Robbery,2025-09-26,3
19.148236,72.807971,Theft,2026-05-26,1
19.048973,72.840646,Theft,2025-10-02,1
19.062451,72.839508,Harassment,2024-12-30,2
19.063937,72.863717,Theft,2025-04-07,1
19.104751,72.852113,Assault,2025-01-14,4
19.175377,72.794171,Harassment,2025-05-15,2
19.042834,72.859707,Harassment,2026-04-22,2
19.090239,72.860044,Harassment,2026-04-12,2
19.078651,72.798691,Harassment,2025-11-07,2
19.165382,72.829486,Assault,2024-10-12,4
19.042266,72.859444,Robbery,2025-01-26,3
19.047716,72.841703,Robbery,2025-12-26,3
19.116601,72.941668,Assault,2025-12-17,4
19.067003,72.861652,Assault,2026-08-20,4
19.03253,72.855863,Harassment,2026-04-27,2
19.075684,72.883332,Robbery,2025-07-06,3
19.147381,72.942086,Theft,2025-05-23,1
19.152789,72.842237,Assault,2025-05-19,4
19.061858,72.856017,Harassment,2026-06-21,2
19.078463,72.881973,Assault,2026-06-12,4
19.063107,72.852625,Assault,2025-05-27,4
19.071627,72.876009,Harassment,2026-05-16,2
19.12945,72.821548,Harassment,2025-05-21,2
19.050173,72.840689,Assault,2025-04-17,4
19.101499,72.86119,Theft,2026-04-16,1
19.054563,72.833294,Robbery,2026-05-05,3
19.071836,72.828461,Robbery,2025-01-14,3
19.101491,72.868599,Harassment,2024-10-25,2
19.068479,72.835069,Harassment,2025-04-26,2
19.131426,72.871983,Theft,2025-09-03,1
19.043976,72.851113,Robbery,2025-02-20,3
19.081089,72.877098,Theft,2026-05-25,1
19.13204,72.896739,Harassment,2026-01-01,2
19.066739,72.819176,Harassment,2025-06-27,2
19.052546,72.800522,Assault,2024-09-27,4
19.091623,72.781908,Harassment,2026-05-08,2
19.043584,72.861902,Theft,2026-02-08,1
19.156186,72.76543,Theft,2025-10-03,1
19.014565,72.780574,Harassment,2024-12-10,2
19.072313,72.826011,Robbery,2026-08-18,3
19.137523,72.907066,Theft,2025-05-02,1
19.083114,72.789371,Assault,2024-11-11,4
19.106465,72.868674,Theft,2024-08-25,1
19.129133,72.854726,Theft,2025-09-14,1
19.0809,72.878701,Theft,2024-11-06,1
19.090101,72.82624,Theft,2026-08-21,1
19.12477,72.902898,Harassment,2025-03-26,2
19.050901,72.854556,Theft,2024-09-29,1
19.050278,72.905378,Robbery,2025-11-26,3
19.105541,72.871361,Robbery,2024-10-28,3
19.07197,72.834512,Assault,2026-05-06,4
19.052465,72.840533,Assault,2025-12-07,4
19.03146,72.75714,Theft,2025-10-15,1
19.116933,72.914925,Assault,2024-09-25,4
19.063936,72.846186,Harassment,2026-03-22,2
19.132081,72.916662,Assault,2025-03-20,4
19.100308,72.859568,Harassment,2024-11-16,2
19.083498,72.877084,Assault,2026-05-22,4
19.034828,72.833945,Harassment,2024-11-22,2
19.047819,72.825589,Assault,2025-08-25,4
19.11848,72.804045,Harassment,2025-04-01,2
19.063095,72.936138,Robbery,2025-05-08,3
19.180627,72.912156,Harassment,2026-08-17,2
19.078714,72.873558,Harassment,2026-01-05,2
19.163214,72.787898,Robbery,2025-12-03,3
19.138813,72.772906,Robbery,2024-10-07,3
19.167508,72.846902,Robbery,2026-04-06,3
19.043953,72.858982,Robbery,2024-11-14,3
19.057266,72.833811,Harassment,2024-10-15,2
19.077906,72.867118,Robbery,2026-08-11,3
19.062639,72.878684,Assault,2025-04-06,4
19.122366,72.893462,Robbery,2025-05-10,3
19.134069,72.902752,Theft,2025-02-09,1
19.130795,72.90861,Robbery,2025-02-18,3
19.101903,72.846561,Harassment,2026-08-21,2
19.072206,72.839457,Theft,2026-06-16,1
19.049546,72.829155,Assault,2026-01-07,4
19.039274,72.848748,Assault,2024-10-17,4
19.070286,72.826328,Robbery,2025-09-05,3
19.080182,72.757493,Robbery,2025-12-01,3
19.047578,72.8549,Theft,2024-10-09,1
19.088699,72.871409,Assault,2025-01-15,4
19.095897,72.85767,Theft,2024-10-20,1
19.141544,72.902851,Theft,2024-09-07,1
19.080984,72.866282,Theft,2026-08-11,1
19.060527,72.891103,Theft,2026-05-26,1
19.087745,72.880564,Harassment,2026-01-04,2
19.165474,72.867432,Theft,2025-07-15,1
19.107833,72.938025,Robbery,2025-12-29,3
19.076861,72.835681,Harassment,2025-06-14,2
19.069026,72.830818,Theft,2025-08-27,1
19.094697,72.87308,Harassment,2026-05-19,2
19.103111,72.858619,Assault,2026-01-31,4
19.079963,72.869764,Harassment,2026-04-10,2
19.051057,72.870163,Robbery,2026-06-21,3
19.031965,72.862287,Harassment,2025-08-14,2
19.075308,72.844901,Assault,2025-07-30,4
19.023033,72.860195,Theft,2025-08-17,1
19.106594,72.843339,Robbery,2025-05-06,3
19.102298,72.810072,Robbery,2025-03-20,3
19.152783,72.886481,Theft,2025-11-15,1
19.042393,72.853615,Robbery,2025-06-24,3
19.074622,72.88298,Assault,2025-05-19,4
19.007868,72.946317,Assault,2025-02-08,4
19.07196,72.832478,Robbery,2025-08-23,3
19.057857,72.831417,Theft,2026-04-20,1
19.041294,72.862943,Assault,2026-07-18,4
19.076622,72.85306,Robbery,2024-11-28,3
19.144734,72.908142,Robbery,2024-10-24,3
19.09446,72.816673,Robbery,2026-05-06,3
19.088882,72.924958,Robbery,2026-02-01,3
19.057304,72.827518,Robbery,2025-01-05,3
19.165662,72.899955,Theft,2026-06-26,1
19.07673,72.859858,Theft,2025-01-29,1
19.126086,72.911489,Harassment,2025-11-16,2
19.05649,72.880162,Assault,2026-08-02,4
19.041548,72.859888,Harassment,2025-10-16,2
19.090448,72.869598,Robbery,2025-12-11,3
19.136437,72.904891,Robbery,2025-10-19,3
19.126941,72.910448,Harassment,2024-11-10,2
19.068647,72.869306,Harassment,2025-03-02,2
19.082106,72.902529,Assault,2026-08-04,4
19.04191,72.823395,Harassment,2025-09-05,2
19.068197,72.845877,Robbery,2026-04-10,3
19.159008,72.849193,Theft,2025-05-06,1
19.111125,72.869236,Harassment,2026-03-16,2
19.088421,72.87371,Theft,2025-11-09,1
19.106981,72.862713,Robbery,2026-01-20,3
19.106486,72.869788,Theft,2026-01-01,1
19.022319,72.892299,Assault,2025-08-28,4
19.144857,72.851882,Harassment,2025-11-19,2
19.036081,72.851845,Robbery,2025-08-23,3
19.173658,72.85673,Theft,2026-02-16,1
19.180026,72.770325,Robbery,2026-01-17,3
19.125144,72.901409,Harassment,2025-11-21,2
19.11912,72.863235,Theft,2025-07-02,1
19.064057,72.839321,Theft,2025-04-10,1
19.049793,72.896898,Assault,2026-03-24,4
19.106673,72.888849,Theft,2025-01-31,1
19.116754,72.866896,Assault,2026-05-29,4
19.116145,72.855687,Assault,2025-08-03,4
19.152106,72.812477,Robbery,2025-05-20,3
19.0642,72.833817,Harassment,2025-06-01,2
19.045708,72.835615,Theft,2026-01-23,1
19.067929,72.864747,Assault,2026-06-18,4
19.077175,72.895791,Assault,2024-12-26,4
19.066697,72.836082,Assault,2026-04-22,4
19.054357,72.83198,Theft,2025-09-03,1
19.120731,72.782049,Theft,2026-02-25,1
19.136861,72.896143,Robbery,2024-10-16,3
19.086869,72.865763,Robbery,2025-04-10,3
19.059777,72.846745,Theft,2026-07-01,1
19.104304,72.922953,Robbery,2026-03-04,3
19.037589,72.849191,Assault,2025-02-27,4
19.119229,72.900965,Harassment,2024-09-03,2
19.101802,72.754455,Harassment,2026-03-25,2
19.020109,72.845834,Harassment,2025-11-26,2
19.052478,72.846772,Theft,2024-10-22,1
19.020768,72.94485,Assault,2026-06-19,4
19.078207,72.878315,Robbery,2025-02-10,3
19.072087,72.916776,Harassment,2024-11-04,2
19.098921,72.859538,Theft,2025-08-06,1
19.091344,72.871092,Theft,2026-06-30,1
19.075777,72.884548,Assault,2026-06-20,4
19.088069,72.878841,Assault,2026-05-04,4
19.110679,72.845296,Robbery,2025-06-30,3
19.168742,72.900234,Harassment,2026-08-04,2
19.079337,72.877547,Robbery,2026-04-21,3
19.128554,72.907276,Assault,2026-01-08,4
19.073077,72.877749,Theft,2026-06-22,1
19.096622,72.845456,Assault,2025-09-10,4
19.104879,72.876135,Harassment,2026-01-10,2
19.10021,72.858357,Robbery,2025-07-20,3
19.051143,72.829076,Assault,2025-08-01,4
19.018753,72.92846,Harassment,2026-02-27,2
19.050704,72.923237,Theft,2024-09-23,1
19.102878,72.866877,Assault,2025-05-11,4
19.070853,72.87748,Assault,2024-09-26,4
19.10517,72.862679,Harassment,2025-05-08,2
19.083433,72.869159,Robbery,2025-03-25,3
19.184248,72.782044,Harassment,2025-07-31,2
19.033398,72.850837,Robbery,2025-01-07,3
19.052026,72.83115,Assault,2025-05-04,4
19.148565,72.931771,Robbery,2025-07-21,3
19.09416,72.860831,Theft,2025-07-29,1
19.008523,72.835372,Theft,2026-06-12,1
19.019341,72.855601,Harassment,2025-07-06,2
19.008511,72.777837,Theft,2025-09-21,1
19.036312,72.858025,Robbery,2025-05-17,3
19.019689,72.948185,Assault,2026-06-28,4
19.049669,72.828427,Assault,2026-04-11,4
19.098725,72.870188,Robbery,2024-12-24,3
19.113428,72.875086,Theft,2026-08-10,1
19.055495,72.847428,Theft,2025-06-18,1
19.021174,72.841276,Assault,2025-07-06,4
19.106857,72.856118,Harassment,2026-02-05,2
19.062579,72.826995,Theft,2025-05-25,1
19.128421,72.909247,Harassment,2025-08-11,2
19.126957,72.896943,Robbery,2026-04-16,3
19.08946,72.876351,Assault,2026-04-20,4
19.078148,72.872148,Theft,2025-01-26,1
19.037775,72.79436,Assault,2025-11-08,4
19.076679,72.841062,Assault,2026-07-22,4
19.133088,72.900924,Robbery,2025-05-18,3
19.066805,72.877021,Harassment,2025-05-20,2
19.099794,72.883343,Assault,2026-04-05,4
19.072065,72.809915,Harassment,2026-01-31,2
19.091854,72.863603,Theft,2025-05-10,1
19.048304,72.903499,Assault,2025-04-26,4
19.084775,72.876499,Theft,2026-01-24,1
19.12216,72.889713,Theft,2025-03-31,1
19.028468,72.948878,Robbery,2025-09-13,3
19.078715,72.818917,Theft,2024-11-23,1
19.008932,72.776021,Robbery,2025-06-11,3
19.046852,72.863218,Theft,2025-06-08,1
19.037186,72.859669,Robbery,2026-03-25,3
19.181088,72.791123,Theft,2026-03-25,1
19.052392,72.83405,Harassment,2026-05-01,2
19.071863,72.844538,Assault,2025-11-10,4
19.05757,72.79471,Assault,2025-09-16,4
19.079904,72.889834,Harassment,2025-10-21,2
19.104213,72.852915,Theft,2026-07-03,1
19.083781,72.889027,Assault,2026-02-13,4
19.099715,72.946456,Harassment,2024-09-25,2
19.168015,72.882939,Harassment,2024-10-06,2
19.127323,72.921793,Harassment,2025-05-16,2
19.057531,72.832799,Theft,2024-10-16,1
19.043358,72.855883,Theft,2024-12-14,1
19.073605,72.882498,Robbery,2026-05-31,3
19.055682,72.814269,Theft,2025-07-31,1
19.040179,72.851267,Theft,2025-11-21,1
19.064025,72.866,Assault,2024-09-25,4
19.114527,72.893637,Theft,2025-08-18,1
19.070167,72.82515,Assault,2026-06-10,4
19.10841,72.781101,Robbery,2024-12-26,3
19.180317,72.948183,Harassment,2025-03-28,2
19.045178,72.845428,Robbery,2024-11-05,3
19.141496,72.814966,Assault,2026-03-16,4
19.135006,72.832825,Robbery,2026-06-27,3
19.057014,72.859038,Assault,2024-10-17,4
19.004189,72.830104,Assault,2026-03-12,4
19.150895,72.780258,Robbery,2025-01-10,3
19.099026,72.86049,Harassment,2025-10-26,2
19.081601,72.878402,Robbery,2025-05-21,3
19.065001,72.750638,Theft,2024-09-16,1
19.055327,72.838228,Assault,2025-03-24,4
19.044909,72.866575,Robbery,2024-12-17,3
19.087859,72.939091,Robbery,2024-09-26,3
19.022156,72.890859,Robbery,2025-02-11,3
19.044423,72.852106,Robbery,2025-08-21,3
19.040543,72.843362,Harassment,2026-05-19,2
19.074497,72.871435,Robbery,2026-02-11,3
19.031625,72.874054,Assault,2025-08-31,4
19.023789,72.845618,Robbery,2025-07-07,3
19.103783,72.855961,Robbery,2025-09-23,3
19.047519,72.846605,Theft,2024-10-11,1
19.142976,72.898524,Theft,2025-03-03,1
19.037794,72.857815,Robbery,2026-05-25,3
19.040028,72.845961,Harassment,2025-11-28,2
19.188831,72.860568,Assault,2024-12-04,4
19.197504,72.76474,Harassment,2025-05-11,2
19.100726,72.862919,Harassment,2025-12-26,2
19.158449,72.795929,Assault,2026-05-02,4
19.07302,72.872984,Assault,2025-09-19,4
19.048895,72.829153,Assault,2025-12-22,4
19.112112,72.860832,Assault,2024-12-24,4
19.147085,72.897999,Theft,2025-09-30,1
19.126711,72.889667,Assault,2025-10-21,4
19.147918,72.833901,Robbery,2025-03-31,3
19.03923,72.915347,Assault,2025-11-07,4
19.047346,72.843764,Theft,2025-08-25,1
19.047464,72.812102,Theft,2024-10-28,1
19.186782,72.897529,Assault,2025-04-03,4
19.062775,72.783744,Assault,2026-06-29,4
19.02595,72.778209,Theft,2025-03-02,1
19.145846,72.891029,Assault,2025-01-17,4
19.036598,72.843191,Robbery,2026-01-31,3
19.075101,72.872105,Harassment,2025-04-29,2
19.053423,72.847203,Robbery,2026-05-06,3
19.084598,72.859404,Harassment,2025-12-14,2
19.033239,72.865493,Robbery,2025-09-16,3
19.071358,72.830736,Theft,2024-11-30,1
19.12017,72.932746,Assault,2025-12-15,4
19.057998,72.830003,Robbery,2025-04-21,3
19.078422,72.880433,Assault,2025-01-15,4
19.033021,72.856133,Theft,2026-03-21,1
19.136443,72.899235,Assault,2025-01-23,4
19.099752,72.883224,Harassment,2025-05-09,2
19.084139,72.869433,Assault,2024-10-23,4
19.097651,72.759899,Theft,2025-01-15,1
19.050992,72.835599,Harassment,2026-05-06,2
19.195458,72.880672,Harassment,2026-06-05,2
19.050621,72.836101,Robbery,2025-11-17,3
19.132934,72.908035,Theft,2025-01-06,1
19.150011,72.919602,Robbery,2026-02-06,3
19.099838,72.863285,Theft,2024-12-14,1
19.129056,72.936885,Harassment,2024-10-15,2
19.196389,72.77312,Theft,2025-08-23,1
19.094316,72.93013,Assault,2026-02-24,4
19.058579,72.827032,Harassment,2025-03-08,2
19.082945,72.854014,Harassment,2025-04-06,2
19.123583,72.885288,Assault,2025-04-10,4
19.094514,72.85623,Robbery,2025-07-03,3
19.157459,72.812541,Theft,2025-01-15,1
19.191241,72.925929,Robbery,2024-11-24,3
19.033387,72.846138,Assault,2025-10-21,4
19.093012,72.81744,Robbery,2025-11-19,3
19.130726,72.893579,Harassment,2026-08-05,2
19.104393,72.86097,Theft,2025-04-14,1
19.141358,72.791602,Robbery,2026-02-18,3
19.127435,72.892555,Robbery,2026-02-25,3
19.116365,72.898702,Assault,2025-11-24,4
19.15115,72.775131,Harassment,2026-04-05,2
19.093978,72.879553,Assault,2025-01-02,4
19.197611,72.860339,Theft,2026-02-25,1
19.193438,72.895846,Robbery,2026-05-22,3
19.13386,72.77943,Robbery,2025-01-19,3
19.05623,72.845744,Assault,2025-11-23,4
19.118784,72.893045,Harassment,2025-03-24,2
19.085888,72.882952,Theft,2026-07-29,1
19.023644,72.800655,Theft,2024-11-30,1
19.107006,72.867046,Robbery,2025-07-27,3
19.055553,72.834163,Assault,2025-12-08,4
19.071157,72.83021,Theft,2024-09-27,1
19.04967,72.854128,Robbery,2026-04-02,3
19.068084,72.883921,Robbery,2025-02-15,3
19.061099,72.847354,Robbery,2026-08-09,3
19.054528,72.864769,Theft,2026-08-06,1
19.055621,72.836846,Harassment,2025-02-08,2
19.061303,72.822266,Harassment,2025-11-25,2
19.10686,72.871486,Harassment,2026-07-05,2
19.181004,72.791313,Harassment,2026-07-21,2
19.115093,72.882484,Assault,2026-05-08,4
19.145816,72.898221,Harassment,2025-11-29,2
19.082494,72.856819,Robbery,2024-11-16,3
19.069248,72.867868,Robbery,2025-10-01,3
19.135669,72.900703,Robbery,2025-09-12,3
19.135939,72.793125,Robbery,2025-11-21,3
19.139035,72.902171,Robbery,2025-02-04,3
19.076588,72.789255,Assault,2026-05-24,4
19.062464,72.869314,Theft,2026-03-27,1
19.05515,72.833617,Robbery,2026-07-20,3
19.157281,72.856492,Assault,2025-08-11,4
19.038782,72.784519,Assault,2025-03-03,4
19.077758,72.834449,Theft,2025-06-08,1
19.160465,72.807627,Harassment,2024-08-29,2
19.050396,72.866024,Theft,2024-11-19,1
19.086412,72.947439,Theft,2026-02-17,1
19.003907,72.899074,Robbery,2026-05-20,3
19.062577,72.871927,Theft,2026-08-21,1
19.12679,72.916743,Assault,2025-03-16,4
19.03925,72.859729,Robbery,2026-01-01,3
19.095599,72.859708,Harassment,2025-04-27,2
19.088631,72.855169,Assault,2026-07-27,4
19.084031,72.901824,Harassment,2025-05-09,2
19.021111,72.775763,Harassment,2025-06-23,2
19.085057,72.886589,Theft,2026-06-10,1
19.001686,72.904363,Harassment,2025-06-04,2
19.079146,72.866029,Assault,2024-12-15,4
19.140922,72.839348,Assault,2025-06-25,4
19.118552,72.901382,Theft,2025-05-29,1
19.096003,72.859543,Robbery,2025-05-02,3
19.11463,72.816255,Harassment,2025-08-25,2
19.137498,72.926536,Theft,2024-10-14,1
19.045851,72.840305,Theft,2026-06-18,1
19.078572,72.870108,Harassment,2026-05-23,2
19.066257,72.834748,Harassment,2026-05-28,2
19.12655,72.890172,Theft,2025-05-07,1
19.12223,72.892876,Harassment,2025-04-05,2
19.009498,72.905074,Assault,2024-11-10,4
19.044287,72.853132,Theft,2026-03-08,1
19.064502,72.885696,Harassment,2026-01-21,2
19.071381,72.868593,Theft,2024-11-09,1
19.102977,72.866804,Theft,2026-02-21,1
19.132045,72.895397,Theft,2025-05-24,1
19.055035,72.856708,Harassment,2025-01-10,2
19.095459,72.854409,Theft,2026-07-06,1
19.003525,72.789065,Robbery,2025-09-06,3
19.094252,72.860986,Assault,2025-11-16,4
19.085501,72.900425,Assault,2025-04-05,4
19.08433,72.895197,Robbery,2026-01-28,3
19.083495,72.862703,Assault,2026-06-05,4
19.163286,72.88919,Robbery,2024-10-22,3
19.065089,72.878975,Robbery,2025-10-19,3
19.047985,72.756259,Harassment,2025-02-01,2
19.035683,72.852444,Robbery,2025-12-16,3
19.042329,72.852881,Robbery,2025-08-27,3
19.012647,72.750414,Harassment,2024-09-14,2
19.085911,72.881094,Theft,2025-10-12,1
19.194957,72.803762,Harassment,2025-05-02,2
19.041455,72.845027,Theft,2025-07-07,1
19.075372,72.889139,Harassment,2025-05-25,2
19.038955,72.857873,Robbery,2026-05-25,3
19.122741,72.773897,Robbery,2025-09-28,3
19.133767,72.902862,Robbery,2025-10-08,3
19.142704,72.899709,Theft,2025-03-20,1
19.085618,72.787444,Harassment,2025-01-31,2
19.09605,72.861395,Assault,2025-04-02,4
19.108045,72.871039,Harassment,2025-06-01,2
19.136997,72.76401,Harassment,2025-08-24,2
19.135987,72.904062,Assault,2026-04-09,4
19.034289,72.857764,Assault,2025-05-02,4
19.109584,72.84896,Theft,2025-03-17,1
19.133395,72.939351,Harassment,2026-08-03,2
19.11333,72.819815,Assault,2025-03-10,4
19.123811,72.88767,Robbery,2025-07-03,3
19.194248,72.895443,Robbery,2025-05-29,3
19.034349,72.771799,Theft,2024-09-27,1
19.135711,72.88756,Theft,2026-03-20,1
19.19542,72.914627,Harassment,2025-09-17,2
19.160061,72.910349,Theft,2026-02-14,1
19.069427,72.913015,Robbery,2025-02-17,3
19.020683,72.790287,Robbery,2024-10-16,3
19.115884,72.873701,Assault,2026-08-10,4
19.032083,72.774677,Assault,2025-06-13,4
19.029192,72.860129,Harassment,2026-05-31,2
19.066529,72.830191,Harassment,2026-01-10,2
19.192259,72.903014,Assault,2025-07-04,4
19.102217,72.845053,Theft,2025-04-28,1
19.071138,72.875615,Harassment,2026-01-31,2
19.078355,72.874158,Robbery,2025-04-01,3
19.12568,72.900652,Theft,2026-03-18,1
19.13664,72.901287,Robbery,2026-03-09,3
19.056121,72.84207,Harassment,2026-02-08,2
19.055856,72.845738,Robbery,2025-03-27,3
19.105877,72.868468,Theft,2025-12-16,1
19.139869,72.860101,Harassment,2024-09-08,2
19.086961,72.92799,Robbery,2025-11-03,3
19.081033,72.873484,Robbery,2026-07-06,3
19.114325,72.774147,Harassment,2026-06-25,2
19.059949,72.831526,Robbery,2024-10-10,3
19.031418,72.771517,Harassment,2026-02-10,2
19.09748,72.860806,Theft,2025-12-16,1
19.067589,72.887126,Assault,2024-11-16,4
19.057655,72.832351,Theft,2024-11-12,1
19.096768,72.879047,Assault,2026-01-27,4
19.082105,72.833402,Theft,2026-06-24,1
19.059994,72.834166,Theft,2024-11-12,1
19.08063,72.853878,Assault,2026-04-12,4
19.104728,72.764177,Assault,2024-11-29,4
19.014204,72.835963,Theft,2024-11-28,1
19.067842,72.827946,Assault,2026-02-06,4
19.055403,72.824754,Harassment,2024-09-19,2
19.166716,72.761977,Harassment,2026-05-02,2
19.110911,72.901275,Robbery,2025-11-11,3
19.062945,72.841855,Assault,2026-05-01,4
19.138687,72.918116,Harassment,2025-08-14,2
19.168405,72.809657,Harassment,2025-06-18,2
19.11615,72.821729,Theft,2026-02-20,1
19.125287,72.895596,Theft,2025-05-27,1
19.149274,72.864008,Assault,2025-03-13,4
19.181422,72.84908,Assault,2025-06-07,4
19.129801,72.912584,Assault,2024-12-26,4
19.074137,72.809567,Harassment,2026-01-25,2
19.050331,72.852938,Assault,2025-05-05,4
19.046254,72.858258,Assault,2026-03-05,4
19.012864,72.865,Assault,2025-06-02,4
19.163791,72.925809,Assault,2026-08-05,4
19.145355,72.907455,Theft,2025-09-19,1
19.061823,72.935885,Robbery,2025-04-28,3
19.09351,72.868794,Assault,2025-08-05,4
19.01226,72.752476,Assault,2026-01-08,4
19.072192,72.8734,Robbery,2025-12-14,3
19.099695,72.795548,Theft,2026-03-04,1
19.01153,72.760728,Assault,2025-11-29,4
19.095053,72.872862,Robbery,2025-03-09,3
19.056233,72.91982,Theft,2025-10-14,1
19.006776,72.87555,Theft,2025-03-29,1
19.053128,72.858922,Theft,2024-12-01,1
19.077086,72.883259,Harassment,2026-05-13,2
19.06622,72.888741,Robbery,2025-01-25,3
19.055164,72.854763,Robbery,2025-04-30,3
19.071941,72.892211,Theft,2026-02-15,1
19.052059,72.835547,Harassment,2025-03-10,2
19.157686,72.912136,Robbery,2026-02-21,3
19.090487,72.763578,Robbery,2026-03-05,3
19.11416,72.851238,Harassment,2026-03-20,2
19.165341,72.810825,Harassment,2026-03-25,2
19.139907,72.906963,Harassment,2026-02-23,2
19.007681,72.83342,Harassment,2025-01-18,2
19.04649,72.863104,Harassment,2025-01-30,2
19.0741,72.877364,Robbery,2025-04-11,3
19.111551,72.809542,Robbery,2025-01-05,3
19.063972,72.832457,Assault,2026-01-25,4
19.109017,72.862452,Robbery,2025-08-24,3
19.059431,72.840519,Theft,2025-01-20,1
19.110333,72.846652,Theft,2026-01-30,1
19.067006,72.873654,Theft,2026-04-24,1
19.115116,72.931658,Assault,2025-08-24,4
19.048683,72.865827,Theft,2025-11-24,1
19.1685,72.832095,Theft,2025-11-30,1
19.053616,72.839658,Assault,2024-12-26,4
19.095606,72.851221,Theft,2026-06-19,1
19.029107,72.885614,Assault,2025-08-13,4
19.052837,72.836519,Assault,2026-08-20,4
19.047235,72.848994,Theft,2024-12-31,1
19.127918,72.904907,Harassment,2025-02-25,2
19.149398,72.910437,Assault,2025-05-13,4
19.057329,72.884355,Assault,2026-04-13,4
19.00188,72.758622,Theft,2024-12-31,1
19.14296,72.904807,Theft,2025-12-30,1
19.009004,72.803897,Robbery,2026-08-14,3
19.040237,72.854562,Assault,2025-07-06,4
19.063986,72.874059,Robbery,2025-02-01,3
19.072835,72.845115,Theft,2025-08-30,1
19.00538,72.91293,Assault,2024-11-04,4
19.052638,72.75299,Theft,2026-03-04,1
19.130859,72.893515,Robbery,2026-03-06,3
19.123372,72.782557,Harassment,2024-11-05,2
19.073943,72.84192,Theft,2026-07-05,1
19.070646,72.912773,Harassment,2025-01-12,2
19.150069,72.839675,Theft,2025-11-28,1
19.116823,72.873835,Harassment,2024-11-18,2
19.041656,72.815467,Harassment,2025-03-09,2
19.076422,72.875827,Theft,2026-04-18,1
19.070657,72.872807,Assault,2025-08-07,4
19.089718,72.86443,Theft,2025-08-09,1
19.108108,72.860018,Theft,2025-11-06,1
19.08558,72.865431,Assault,2024-12-01,4
19.032978,72.846251,Assault,2025-09-30,4
19.07457,72.849644,Harassment,2026-02-23,2
19.110457,72.860174,Assault,2025-11-19,4
19.089363,72.865835,Assault,2024-08-31,4
19.073235,72.825907,Theft,2025-12-01,1
19.061572,72.884652,Robbery,2025-05-13,3
19.085944,72.863915,Assault,2025-06-06,4
19.08124,72.922296,Robbery,2026-08-16,3
19.129991,72.912743,Theft,2025-12-04,1
19.132337,72.899907,Theft,2025-02-12,1
19.094241,72.875655,Harassment,2026-08-05,2
19.043002,72.854226,Robbery,2026-04-15,3
19.10105,72.85649,Harassment,2025-08-14,2
19.047395,72.852803,Assault,2025-07-09,4
19.068798,72.873107,Harassment,2024-10-02,2
19.06735,72.878419,Theft,2025-07-09,1
19.066873,72.86998,Theft,2025-01-26,1
19.119088,72.909453,Robbery,2026-05-26,3
19.067664,72.946359,Harassment,2025-04-13,2
19.035954,72.828961,Assault,2024-12-17,4
19.106643,72.877713,Harassment,2026-07-03,2
19.106463,72.866682,Robbery,2024-11-22,3
19.077257,72.869236,Assault,2025-02-26,4
19.054367,72.841324,Assault,2025-10-22,4
19.13077,72.885055,Assault,2024-08-26,4
19.118208,72.903152,Theft,2026-06-10,1
19.106395,72.856387,Harassment,2026-03-19,2
19.119177,72.896424,Theft,2025-01-07,1
19.104058,72.772206,Robbery,2025-04-22,3
19.132523,72.896347,Harassment,2025-12-27,2
19.143777,72.901166,Theft,2025-11-26,1
19.199922,72.769122,Robbery,2026-07-20,3
19.06651,72.853644,Assault,2025-05-01,4
19.113128,72.875138,Harassment,2025-06-25,2
19.179246,72.826862,Robbery,2026-02-10,3
19.026584,72.877271,Robbery,2024-10-10,3
19.046193,72.819822,Robbery,2026-07-28,3
19.138592,72.896018,Robbery,2025-08-11,3
19.136763,72.895005,Assault,2025-08-02,4
19.041764,72.855936,Theft,2026-03-15,1
19.055574,72.831623,Assault,2026-08-21,4
19.055031,72.829064,Assault,2025-07-07,4
19.097507,72.854273,Harassment,2025-09-09,2
19.022561,72.888917,Robbery,2026-06-01,3
19.093649,72.863226,Theft,2025-03-01,1
19.057653,72.833164,Assault,2025-10-05,4
19.042675,72.828249,Robbery,2026-02-17,3
19.128887,72.895507,Harassment,2025-03-13,2
19.087848,72.877015,Assault,2024-11-04,4
19.043722,72.867038,Theft,2024-11-16,1
19.130346,72.907234,Theft,2024-09-02,1
19.023437,72.881452,Harassment,2025-03-22,2
19.08061,72.877624,Robbery,2025-01-18,3
19.143052,72.808677,Harassment,2026-05-18,2
19.130618,72.903708,Harassment,2025-11-29,2
19.17314,72.927104,Assault,2025-06-19,4
19.083546,72.87302,Theft,2025-01-07,1
19.042762,72.934235,Assault,2026-05-08,4
19.061923,72.836986,Assault,2025-09-19,4
19.117265,72.870171,Assault,2026-02-13,4
19.057977,72.863526,Assault,2025-04-10,4
19.074942,72.878547,Harassment,2025-10-26,2
19.153447,72.81841,Assault,2026-05-21,4
19.054609,72.782712,Robbery,2025-01-08,3
19.031708,72.828932,Robbery,2026-05-22,3
19.039368,72.921464,Theft,2026-01-09,1
19.058978,72.850854,Assault,2025-10-28,4
19.058194,72.907128,Robbery,2025-05-26,3
19.125838,72.903765,Assault,2026-06-16,4
19.095419,72.872145,Harassment,2026-01-07,2
19.009704,72.895625,Assault,2025-10-31,4
19.123119,72.903682,Harassment,2025-12-14,2
19.0387,72.850989,Theft,2025-08-27,1
19.038197,72.854104,Harassment,2026-03-11,2
19.036826,72.750452,Assault,2025-03-28,4
19.052009,72.841985,Robbery,2025-07-22,3
19.032295,72.850781,Theft,2025-06-15,1
19.071474,72.881712,Theft,2025-10-24,1
19.078563,72.871667,Theft,2025-06-03,1
19.107083,72.949406,Robbery,2025-09-17,3
19.092708,72.873538,Theft,2026-03-20,1
19.102315,72.862536,Robbery,2026-06-28,3
19.050994,72.754358,Harassment,2026-04-10,2
19.168687,72.790189,Theft,2025-08-13,1
19.138638,72.894543,Assault,2025-09-09,4
19.100356,72.862495,Harassment,2025-08-19,2
19.153257,72.918964,Theft,2025-01-14,1
19.079571,72.902424,Harassment,2025-02-25,2
19.107097,72.903597,Assault,2024-10-14,4
19.136357,72.791556,Theft,2024-11-11,1
19.053011,72.863934,Robbery,2024-11-10,3
19.077932,72.880443,Robbery,2026-05-13,3
19.123609,72.782261,Theft,2025-08-13,1
19.170924,72.89893,Robbery,2025-09-08,3
19.128688,72.884457,Harassment,2025-03-15,2
19.126574,72.888627,Robbery,2024-10-18,3
19.083792,72.857684,Theft,2026-02-24,1
19.137019,72.896207,Harassment,2024-11-08,2
19.089813,72.815665,Robbery,2024-11-21,3
19.040997,72.840054,Harassment,2025-10-26,2
19.121782,72.897015,Assault,2026-08-18,4
19.139912,72.771928,Assault,2026-08-07,4
19.066055,72.787164,Harassment,2025-07-13,2
19.09215,72.850976,Theft,2026-08-22,1
19.039397,72.857225,Theft,2024-10-16,1
19.068662,72.836661,Assault,2024-09-13,4
19.158689,72.764837,Assault,2025-01-15,4
19.186834,72.870302,Theft,2024-10-15,1
19.104174,72.852317,Robbery,2025-04-19,3
19.133714,72.771603,Assault,2025-03-28,4
19.071462,72.8832,Robbery,2025-07-25,3
19.139691,72.904636,Assault,2025-08-08,4
19.110299,72.904738,Theft,2024-11-13,1
19.062402,72.850902,Assault,2026-04-29,4
19.042735,72.855165,Assault,2025-11-25,4
19.097166,72.854052,Assault,2025-05-06,4
19.011419,72.782625,Robbery,2026-01-25,3
19.066519,72.913677,Assault,2024-10-05,4
19.174745,72.891615,Harassment,2025-12-31,2
19.058635,72.838269,Robbery,2025-09-22,3
19.101623,72.874153,Robbery,2025-01-15,3
19.061069,72.881866,Harassment,2025-07-14,2
19.086603,72.862129,Robbery,2025-11-19,3
19.060149,72.826743,Assault,2025-06-26,4
19.091256,72.856748,Robbery,2026-08-20,3
19.117962,72.887299,Robbery,2026-04-26,3
19.079338,72.776993,Robbery,2026-02-16,3
19.076477,72.871063,Harassment,2026-08-13,2
19.001426,72.848575,Robbery,2024-12-03,3
19.05974,72.838398,Assault,2025-03-30,4
19.150603,72.753365,Theft,2025-11-11,1
19.014456,72.765387,Assault,2026-02-12,4
19.060605,72.821288,Assault,2025-11-04,4
19.147926,72.848652,Robbery,2025-07-25,3
19.108072,72.882957,Assault,2024-12-01,4
19.060736,72.844742,Assault,2025-01-20,4
19.058093,72.871086,Assault,2025-11-05,4
19.139132,72.901729,Robbery,2025-01-04,3
19.188044,72.901824,Theft,2025-09-01,1
19.092107,72.854443,Robbery,2026-02-23,3
19.071579,72.892267,Theft,2025-03-16,1
19.078444,72.872009,Theft,2025-06-09,1
19.173667,72.837759,Assault,2025-10-07,4
19.083045,72.943675,Robbery,2025-04-07,3
19.115389,72.838601,Harassment,2025-06-08,2
19.052704,72.863302,Harassment,2025-04-24,2
19.147121,72.879046,Theft,2026-05-02,1
19.005417,72.942308,Assault,2024-10-12,4
19.049006,72.849239,Theft,2024-08-29,1
19.040897,72.853333,Theft,2025-12-17,1
19.066402,72.896537,Assault,2026-07-24,4
19.096969,72.902131,Theft,2026-08-05,1
19.176364,72.826809,Harassment,2025-02-26,2
19.020345,72.929178,Robbery,2026-02-26,3
19.040551,72.866931,Harassment,2025-03-20,2
19.11913,72.897692,Theft,2025-11-17,1
19.054101,72.856455,Assault,2026-01-01,4
19.070299,72.877446,Theft,2025-04-30,1
19.135638,72.89346,Theft,2026-03-14,1
19.097696,72.936885,Robbery,2025-02-12,3
19.135647,72.898035,Assault,2025-03-02,4
19.123569,72.908425,Harassment,2024-12-10,2
19.110802,72.864969,Theft,2026-04-30,1
19.080091,72.87816,Assault,2025-02-17,4
19.143203,72.901593,Theft,2025-04-15,1
19.121928,72.917843,Robbery,2026-08-17,3
19.036656,72.841943,Theft,2024-12-11,1
19.095755,72.857987,Harassment,2024-10-27,2
19.073339,72.88455,Theft,2026-08-15,1
19.046753,72.86842,Theft,2025-06-26,1
19.105261,72.860766,Harassment,2025-09-09,2
19.058676,72.833994,Theft,2025-05-07,1
19.075328,72.873638,Harassment,2025-09-13,2
19.04541,72.850319,Harassment,2024-09-21,2
19.101933,72.870498,Theft,2024-10-16,1
19.046417,72.8538,Theft,2025-03-28,1
19.038308,72.814042,Assault,2025-09-08,4
19.065627,72.831708,Robbery,2026-06-16,3
19.179694,72.794748,Harassment,2026-04-13,2
19.037464,72.846664,Robbery,2026-05-28,3
19.047407,72.860132,Harassment,2026-07-27,2
19.095411,72.87882,Harassment,2026-03-11,2
19.126914,72.897484,Theft,2025-07-01,1
19.050242,72.885105,Harassment,2024-12-25,2
19.047649,72.867058,Robbery,2025-10-21,3
19.108365,72.843907,Harassment,2026-02-22,2
19.126234,72.899338,Theft,2025-01-13,1
19.092665,72.873616,Harassment,2025-01-22,2
19.105679,72.869737,Robbery,2025-01-02,3
19.069032,72.879347,Theft,2025-12-09,1
19.056149,72.854527,Assault,2024-09-29,4
19.060419,72.831725,Assault,2024-09-26,4
19.073821,72.870182,Assault,2025-12-11,4
19.074938,72.890566,Harassment,2024-11-24,2
19.0806,72.871833,Assault,2026-04-16,4
19.047693,72.851896,Assault,2024-11-21,4
19.192165,72.751229,Harassment,2026-02-18,2
19.123304,72.912815,Theft,2026-01-11,1
19.113085,72.872235,Theft,2026-03-29,1
19.062759,72.942043,Theft,2026-01-29,1
19.111402,72.860632,Harassment,2026-03-20,2
19.061366,72.846009,Robbery,2026-07-22,3
19.048554,72.84938,Theft,2026-08-16,1
19.140575,72.865967,Theft,2024-09-20,1
19.196303,72.894254,Theft,2026-05-31,1
19.07802,72.837737,Theft,2025-06-24,1
19.098609,72.860601,Robbery,2025-02-25,3
19.089355,72.883331,Harassment,2025-12-21,2
19.04593,72.848785,Harassment,2024-11-07,2
19.141867,72.892758,Assault,2025-08-20,4
19.056356,72.832494,Robbery,2025-11-19,3
19.003611,72.820837,Robbery,2024-12-11,3
19.101058,72.8792,Theft,2026-06-11,1
19.02291,72.867651,Harassment,2025-04-13,2
19.059541,72.823108,Theft,2025-04-22,1
19.043578,72.911349,Assault,2024-09-10,4
19.036184,72.77913,Harassment,2025-02-27,2
19.045603,72.85921,Assault,2026-02-10,4
19.047371,72.851468,Harassment,2026-05-03,2
19.048099,72.857081,Assault,2025-06-01,4
19.122593,72.922271,Theft,2025-02-20,1
19.073324,72.945102,Robbery,2026-03-16,3
19.064235,72.863736,Assault,2026-08-17,4
19.185697,72.75373,Robbery,2026-03-28,3
19.077233,72.890271,Robbery,2025-02-17,3
19.100869,72.868531,Harassment,2026-01-23,2
19.03081,72.935341,Theft,2026-04-08,1
19.088461,72.862104,Theft,2026-06-01,1
19.001493,72.940308,Harassment,2025-05-17,2
19.10998,72.784885,Theft,2026-01-15,1
19.178704,72.757669,Harassment,2026-07-10,2
19.107378,72.864776,Theft,2025-01-14,1
19.048066,72.834221,Robbery,2025-10-15,3
19.033227,72.847164,Robbery,2025-12-14,3
19.016957,72.768517,Harassment,2025-11-14,2
19.13939,72.898087,Theft,2024-11-06,1
19.077391,72.884287,Assault,2024-11-28,4
19.116921,72.897442,Assault,2026-02-22,4
19.077632,72.86932,Assault,2024-10-31,4
19.104441,72.870704,Assault,2024-09-09,4
19.07603,72.885222,Robbery,2024-11-13,3
19.038853,72.855035,Assault,2025-11-26,4
19.005933,72.819023,Assault,2024-08-23,4
19.049522,72.852348,Robbery,2025-07-19,3
19.076561,72.875084,Theft,2026-07-10,1
19.07684,72.836194,Theft,2025-05-01,1
19.061003,72.945047,Harassment,2026-03-03,2
19.119138,72.87132,Theft,2026-05-15,1
19.12833,72.907284,Theft,2026-02-07,1
19.070738,72.826889,Robbery,2025-01-25,3
19.066518,72.877314,Theft,2025-09-23,1
19.049748,72.872723,Theft,2026-03-16,1
19.101166,72.866486,Robbery,2026-06-21,3
19.037209,72.860703,Theft,2026-02-11,1
19.100229,72.871479,Theft,2026-08-02,1
19.069318,72.822637,Harassment,2026-06-05,2
19.023968,72.765505,Robbery,2024-10-08,3
19.099184,72.877501,Assault,2026-07-11,4
19.045692,72.861177,Robbery,2024-08-31,3
19.05781,72.904762,Robbery,2026-02-17,3
19.05623,72.839451,Robbery,2025-05-24,3
19.067232,72.870167,Harassment,2025-09-23,2
19.075031,72.884651,Assault,2024-10-21,4
19.071504,72.862405,Robbery,2026-02-18,3
19.118809,72.911207,Assault,2025-09-18,4
19.111136,72.841651,Assault,2025-02-02,4
19.140985,72.874203,Theft,2025-02-16,1
19.006698,72.766857,Robbery,2024-09-23,3
19.126222,72.857422,Assault,2026-02-02,4
19.075306,72.869255,Assault,2025-10-04,4
19.195892,72.89239,Harassment,2024-10-28,2
19.070009,72.837781,Assault,2024-12-12,4
19.095631,72.862707,Harassment,2025-03-18,2
19.070747,72.87702,Theft,2024-09-02,1
19.12458,72.896548,Harassment,2026-04-29,2
19.110765,72.863323,Theft,2026-05-30,1
19.100749,72.873122,Theft,2026-03-24,1
19.070674,72.888976,Robbery,2026-07-02,3
19.090256,72.807939,Harassment,2026-08-14,2
19.03533,72.846764,Theft,2026-03-10,1
19.069554,72.780773,Robbery,2024-10-05,3
19.068197,72.844971,Assault,2025-07-19,4
19.145177,72.913066,Harassment,2026-04-13,2
19.133496,72.769622,Harassment,2025-05-20,2
19.136184,72.884718,Robbery,2025-03-01,3
19.089959,72.866903,Robbery,2024-10-08,3
19.079065,72.886695,Harassment,2025-11-23,2
19.060833,72.831202,Assault,2026-02-14,4
19.119223,72.871906,Theft,2026-02-20,1
19.101862,72.869166,Harassment,2026-05-04,2
19.092242,72.853696,Robbery,2024-10-26,3
19.132809,72.916949,Theft,2025-09-07,1
19.100289,72.814478,Harassment,2025-03-27,2
19.127953,72.901113,Robbery,2025-01-13,3
19.119497,72.905644,Harassment,2026-04-02,2
19.089559,72.925652,Robbery,2026-03-11,3
19.135279,72.908682,Assault,2025-03-17,4
19.167523,72.839024,Harassment,2026-05-08,2
19.149077,72.897986,Theft,2026-03-29,1
19.154261,72.843913,Theft,2025-02-07,1
19.052177,72.813775,Assault,2024-12-02,4
19.061381,72.828931,Harassment,2024-09-13,2
19.096998,72.866114,Assault,2024-09-15,4
19.050992,72.931529,Assault,2024-09-12,4
19.108719,72.896746,Robbery,2025-07-14,3
19.073799,72.840351,Harassment,2024-09-23,2
19.06999,72.869617,Assault,2025-03-27,4
19.147716,72.880727,Assault,2024-09-18,4
19.188191,72.840776,Assault,2024-10-24,4
19.158361,72.87166,Theft,2024-10-30,1
19.124836,72.896704,Assault,2026-05-24,4
19.05164,72.829688,Robbery,2025-07-03,3
19.132268,72.900575,Assault,2025-12-27,4
19.094678,72.877421,Theft,2025-09-22,1
19.087582,72.825639,Theft,2025-03-17,1
19.065862,72.841239,Theft,2024-12-27,1
19.001014,72.777256,Harassment,2026-02-11,2
19.090373,72.867783,Robbery,2026-05-30,3
19.033461,72.779265,Assault,2025-07-12,4
19.049479,72.853229,Robbery,2026-02-02,3
19.132483,72.909766,Theft,2025-05-08,1
19.179928,72.880429,Robbery,2025-11-11,3
19.051797,72.848926,Theft,2024-11-16,1
19.040261,72.855533,Robbery,2025-01-10,3
19.048311,72.857548,Assault,2025-11-07,4
19.107054,72.862068,Theft,2024-10-18,1
19.012653,72.782205,Assault,2025-06-28,4
19.059551,72.83603,Robbery,2025-01-16,3
19.127733,72.898498,Robbery,2025-07-16,3
19.024169,72.917201,Assault,2025-10-29,4
19.058783,72.827689,Harassment,2025-05-21,2
19.126724,72.909942,Theft,2025-05-31,1
19.13766,72.786538,Assault,2026-04-30,4
19.138531,72.890901,Assault,2025-05-16,4
19.010001,72.817446,Theft,2024-10-23,1
19.163998,72.80994,Assault,2024-11-20,4
19.04832,72.86095,Assault,2025-01-23,4
19.081371,72.884205,Theft,2025-03-20,1
19.095797,72.863366,Theft,2026-02-15,1
19.049174,72.852097,Assault,2025-04-11,4
19.04321,72.755134,Robbery,2026-03-12,3
19.062504,72.883408,Robbery,2026-03-17,3
19.101138,72.874048,Harassment,2024-12-10,2
19.100941,72.875127,Theft,2025-02-15,1
19.137191,72.905877,Assault,2025-10-27,4
19.055938,72.835495,Theft,2025-02-18,1
19.081832,72.895672,Harassment,2024-12-24,2
19.024263,72.947801,Assault,2024-09-07,4
19.144567,72.83759,Assault,2026-03-16,4
19.045355,72.858128,Robbery,2026-05-17,3
19.063669,72.887193,Robbery,2026-07-13,3
19.059184,72.885334,Robbery,2025-04-10,3
19.123696,72.886576,Theft,2025-09-29,1
19.083222,72.862767,Assault,2024-12-23,4
19.065163,72.838437,Assault,2024-12-05,4
19.122871,72.823548,Harassment,2026-03-09,2
19.052091,72.828116,Harassment,2026-01-04,2
19.065374,72.845394,Harassment,2025-05-08,2
19.12817,72.905765,Robbery,2025-01-11,3
19.06912,72.864434,Theft,2025-06-09,1
19.082666,72.873678,Theft,2024-09-06,1
19.108506,72.860785,Harassment,2025-10-08,2
19.099356,72.888823,Theft,2026-07-22,1
19.123447,72.90586,Robbery,2026-06-15,3
19.126067,72.89563,Robbery,2025-11-19,3
19.134106,72.770762,Assault,2025-07-13,4
19.088426,72.864138,Assault,2024-09-28,4
19.058742,72.831784,Robbery,2025-08-30,3
19.056403,72.855567,Robbery,2026-01-21,3
19.108329,72.806373,Assault,2024-09-11,4
19.049646,72.868323,Assault,2026-05-25,4
19.038087,72.910564,Harassment,2024-11-28,2
19.039896,72.851875,Harassment,2026-03-20,2
19.05084,72.832402,Theft,2025-09-06,1
19.071675,72.856359,Assault,2025-06-16,4
19.058097,72.8968,Robbery,2024-09-04,3
19.123493,72.780304,Harassment,2026-02-02,2
19.159953,72.776087,Robbery,2025-07-15,3
19.14689,72.785397,Assault,2025-09-30,4
19.130381,72.903232,Theft,2025-05-10,1
19.083761,72.88439,Harassment,2026-05-09,2
19.078711,72.882217,Robbery,2024-09-13,3
19.122604,72.885405,Robbery,2025-05-16,3
19.058334,72.832798,Robbery,2025-04-11,3
19.04374,72.853167,Assault,2026-06-11,4
19.059127,72.784778,Theft,2024-08-26,1
19.118535,72.889512,Assault,2024-09-02,4
19.05998,72.846158,Harassment,2025-09-20,2
19.033165,72.818947,Assault,2025-04-08,4
19.057011,72.823509,Theft,2025-10-22,1
19.079902,72.876053,Assault,2024-11-12,4
19.130792,72.939312,Harassment,2026-03-06,2
19.054488,72.829632,Assault,2024-10-27,4
19.058636,72.832635,Robbery,2026-02-19,3
19.097398,72.881276,Theft,2026-07-05,1
19.143624,72.916316,Robbery,2026-01-03,3
19.063319,72.831122,Robbery,2026-01-12,3
19.070952,72.885853,Harassment,2026-02-25,2
19.070222,72.835502,Robbery,2026-05-17,3
19.097314,72.861257,Harassment,2025-09-02,2
19.12821,72.893493,Robbery,2024-12-09,3
19.01767,72.781136,Assault,2026-06-13,4
19.149347,72.848242,Theft,2024-10-31,1
19.130091,72.905586,Robbery,2025-12-09,3
19.07368,72.861367,Robbery,2025-08-29,3
